refinery_id,unit_id,nameplate_kbd,effective_kbd,effective_year,eff_vs_nameplate
ALON_BIG_SPRINGS,ALKY,5.0,5.92,2023,1.184
ALON_BIG_SPRINGS,CCR,21.5,21.0,2024,0.9767
ALON_BIG_SPRINGS,CDU,74.0,71.97,2019,0.9726
ALON_BIG_SPRINGS,FCC,23.5,22.77,2019,0.9689
ALON_BIG_SPRINGS,NHT,25.5,25.14,2024,0.9859
ALON_BIG_SPRINGS,VDU,28.0,21.73,2019,0.7761
BIG_NORTH_SLATERVILLE_CANAL,ALKY,3.1,2.54,2021,0.8194
BIG_NORTH_SLATERVILLE_CANAL,CDU,33.0,29.99,2018,0.9088
BIG_NORTH_SLATERVILLE_CANAL,FCC,12.5,11.34,2021,0.9072
BIG_NORTH_SLATERVILLE_CANAL,ISOM,3.0,1.95,2018,0.65
BIG_NORTH_SLATERVILLE_CANAL,NHT,11.8,10.31,2018,0.8737
BP_FERNDALE,CCR,65.0,57.28,2024,0.8812
BP_FERNDALE,CDU,251.0,234.11,2024,0.9327
BP_FERNDALE,COKER,61.5,41.3,2017,0.6715
BP_FERNDALE,DHCU,65.0,64.9,2024,0.9985
BP_FERNDALE,ISOM,26.0,21.46,2024,0.8254
BP_FERNDALE,NHT,100.5,61.09,2024,0.6079
BP_FERNDALE,VDU,139.0,95.93,2024,0.6901
BP_WHITING,ALKY,32.0,38.5,2023,1.2031
BP_WHITING,CDU,440.0,426.8,2023,0.97
BP_WHITING,COKER,102.0,86.65,2017,0.8495
BP_WHITING,FCC,177.0,156.64,2023,0.885
BP_WHITING,ISOM,30.0,30.0,2024,1.0
BP_WHITING,NHT,122.7,87.76,2023,0.7152
BP_WHITING,REF,67.0,61.97,2017,0.9249
BP_WHITING,VDU,276.2,203.71,2023,0.7375
CALUMET_SHREVEPORT,CDU,60.0,48.65,2017,0.8108
CALUMET_SHREVEPORT,NHT,16.0,18.29,2022,1.1431
CALUMET_SHREVEPORT,VDU,28.0,15.75,2017,0.5625
CENOVUS_LIMA,CDU,185.0,172.2,2017,0.9308
CENOVUS_LIMA,COKER,23.0,22.7,2018,0.987
CENOVUS_LIMA,DHCU,26.0,26.0,2024,1.0
CENOVUS_LIMA,FCC,45.3,39.44,2018,0.8706
CENOVUS_LIMA,ISOM,18.7,16.6,2024,0.8877
CENOVUS_LIMA,NHT,63.0,62.54,2023,0.9927
CENOVUS_LIMA,REF,55.0,39.71,2019,0.722
CENOVUS_LIMA,VDU,57.0,57.93,2018,1.0163
CENOVUS_TOLEDO,ALKY,11.5,11.95,2021,1.0391
CENOVUS_TOLEDO,CCR,42.0,41.41,2018,0.986
CENOVUS_TOLEDO,CDU,160.0,153.2,2018,0.9575
CENOVUS_TOLEDO,COKER,36.0,26.45,2017,0.7347
CENOVUS_TOLEDO,DHCU,31.8,30.69,2021,0.9651
CENOVUS_TOLEDO,FCC,55.0,41.32,2018,0.7513
CENOVUS_TOLEDO,NHT,42.0,46.1,2024,1.0976
CENOVUS_TOLEDO,VDU,72.5,69.97,2017,0.9651
CENOVUS_WOOD_RIVER,ALKY,21.8,25.06,2023,1.1495
CENOVUS_WOOD_RIVER,CCR,79.7,65.25,2019,0.8187
CENOVUS_WOOD_RIVER,CDU,367.5,367.5,2024,1.0
CENOVUS_WOOD_RIVER,COKER,83.7,73.98,2023,0.8839
CENOVUS_WOOD_RIVER,DHCU,57.2,56.07,2024,0.9802
CENOVUS_WOOD_RIVER,FCC,101.0,95.4,2023,0.9446
CENOVUS_WOOD_RIVER,NHT,84.3,80.0,2024,0.949
CENOVUS_WOOD_RIVER,VDU,196.5,166.34,2023,0.8465
CHEVRON_EL_SEGUNDO,ALKY,33.3,21.52,2022,0.6462
CHEVRON_EL_SEGUNDO,CCR,49.0,45.8,2018,0.9347
CHEVRON_EL_SEGUNDO,CDU,290.5,273.07,2018,0.94
CHEVRON_EL_SEGUNDO,COKER,76.7,59.61,2017,0.7772
CHEVRON_EL_SEGUNDO,DHCU,55.0,51.87,2018,0.9431
CHEVRON_EL_SEGUNDO,FCC,73.8,73.06,2022,0.99
CHEVRON_EL_SEGUNDO,ISOM,22.3,14.06,2024,0.6305
CHEVRON_EL_SEGUNDO,NHT,62.5,54.95,2018,0.8792
CHEVRON_EL_SEGUNDO,VDU,169.1,145.08,2018,0.858
CHEVRON_PASADENA,ALKY,12.5,10.0,2019,0.8
CHEVRON_PASADENA,CCR,23.0,22.24,2019,0.967
CHEVRON_PASADENA,CDU,125.0,106.26,2017,0.8501
CHEVRON_PASADENA,FCC,52.0,49.35,2018,0.949
CHEVRON_PASADENA,NHT,23.0,26.69,2018,1.1604
CHEVRON_PASADENA,VDU,38.0,27.81,2017,0.7318
CHEVRON_PASCAGOULA,ALKY,21.5,19.93,2024,0.927
CHEVRON_PASCAGOULA,CCR,61.6,61.6,2018,1.0
CHEVRON_PASCAGOULA,CDU,375.2,358.0,2019,0.9542
CHEVRON_PASCAGOULA,COKER,104.0,104.24,2017,1.0023
CHEVRON_PASCAGOULA,DHCU,119.0,100.82,2018,0.8472
CHEVRON_PASCAGOULA,FCC,88.0,83.99,2019,0.9544
CHEVRON_PASCAGOULA,NHT,60.8,73.93,2022,1.216
CHEVRON_PASCAGOULA,REF,40.0,16.94,2021,0.4235
CHEVRON_PASCAGOULA,VDU,330.0,212.76,2017,0.6447
CHEVRON_RICHMOND,ALKY,32.66,20.71,2023,0.6341
CHEVRON_RICHMOND,CDU,257.2,249.0,2018,0.9681
CHEVRON_RICHMOND,DHCU,103.4,59.3,2023,0.5735
CHEVRON_RICHMOND,FCC,90.0,85.58,2018,0.9509
CHEVRON_RICHMOND,ISOM,46.0,20.95,2024,0.4554
CHEVRON_RICHMOND,NHT,57.6,57.6,2024,1.0
CHEVRON_RICHMOND,VDU,123.46,100.65,2024,0.8152
CHEVRON_SALT_LAKE_CITY,ALKY,5.6,6.91,2022,1.2339
CHEVRON_SALT_LAKE_CITY,CDU,57.6,54.0,2023,0.9375
CHEVRON_SALT_LAKE_CITY,COKER,10.0,7.7,2017,0.77
CHEVRON_SALT_LAKE_CITY,FCC,15.5,13.72,2022,0.8852
CHEVRON_SALT_LAKE_CITY,NHT,9.1,15.1,2023,1.6593
CHEVRON_SALT_LAKE_CITY,REF,9.1,8.82,2021,0.9692
CHEVRON_SALT_LAKE_CITY,VDU,27.9,18.84,2017,0.6753
CHS_LAUREL,ALKY,4.0,4.2,2019,1.05
CHS_LAUREL,CDU,65.0,63.29,2024,0.9737
CHS_LAUREL,COKER,16.0,15.88,2022,0.9925
CHS_LAUREL,FCC,16.5,16.34,2024,0.9903
CHS_LAUREL,NHT,17.0,16.62,2024,0.9776
CHS_LAUREL,REF,12.0,11.94,2022,0.995
CHS_LAUREL,VDU,32.2,31.81,2022,0.9879
CITGO_CORPUS_CHRISTI,ALKY,24.35,30.05,2024,1.2341
CITGO_CORPUS_CHRISTI,CCR,51.5,39.12,2023,0.7596
CITGO_CORPUS_CHRISTI,CDU,175.55,158.96,2022,0.9055
CITGO_CORPUS_CHRISTI,COKER,45.13,40.15,2017,0.8897
CITGO_CORPUS_CHRISTI,FCC,70.7,68.15,2022,0.9639
CITGO_CORPUS_CHRISTI,NHT,52.8,49.83,2023,0.9437
CITGO_CORPUS_CHRISTI,VDU,85.3,83.69,2017,0.9811
CITGO_LAKE_CHARLES,ALKY,28.1,28.88,2022,1.0278
CITGO_LAKE_CHARLES,CCR,65.0,64.0,2024,0.9846
CITGO_LAKE_CHARLES,CDU,440.0,435.62,2022,0.99
CITGO_LAKE_CHARLES,COKER,110.0,71.81,2018,0.6528
CITGO_LAKE_CHARLES,DHCU,51.2,46.84,2018,0.9148
CITGO_LAKE_CHARLES,FCC,148.0,143.97,2018,0.9728
CITGO_LAKE_CHARLES,ISOM,28.0,27.45,2018,0.9804
CITGO_LAKE_CHARLES,NHT,131.2,128.2,2022,0.9771
CITGO_LAKE_CHARLES,REF,53.2,50.04,2023,0.9406
CITGO_LAKE_CHARLES,VDU,230.0,176.27,2018,0.7664
CITGO_LEMONT,ALKY,23.0,23.65,2023,1.0283
CITGO_LEMONT,CDU,188.7,180.69,2023,0.9576
CITGO_LEMONT,COKER,41.15,40.74,2024,0.99
CITGO_LEMONT,FCC,69.5,69.5,2024,1.0
CITGO_LEMONT,NHT,111.3,51.28,2024,0.4607
CITGO_LEMONT,REF,35.8,33.0,2018,0.9218
CITGO_LEMONT,VDU,77.2,76.8,2024,0.9948
CVR_COFFEYVILLE,ALKY,10.0,12.24,2023,1.224
CVR_COFFEYVILLE,CCR,26.0,24.83,2019,0.955
CVR_COFFEYVILLE,CDU,136.0,131.57,2017,0.9674
CVR_COFFEYVILLE,COKER,25.0,24.45,2019,0.978
CVR_COFFEYVILLE,FCC,36.0,40.99,2017,1.1386
CVR_COFFEYVILLE,NHT,36.0,35.69,2021,0.9914
CVR_COFFEYVILLE,VDU,46.0,45.69,2024,0.9933
CVR_WYNNEWOOD,ALKY,5.5,6.68,2023,1.2145
CVR_WYNNEWOOD,CCR,18.7,15.26,2017,0.816
CVR_WYNNEWOOD,CDU,78.0,73.39,2021,0.9409
CVR_WYNNEWOOD,FCC,22.0,21.62,2023,0.9827
CVR_WYNNEWOOD,ISOM,5.0,4.5,2023,0.9
CVR_WYNNEWOOD,NHT,26.9,21.13,2021,0.7855
CVR_WYNNEWOOD,VDU,40.3,23.42,2021,0.5811
DELEK_EL_DORADO_AR,ALKY,5.0,2.6,2024,0.52
DELEK_EL_DORADO_AR,CCR,15.3,15.0,2024,0.9804
DELEK_EL_DORADO_AR,CDU,85.0,77.99,2024,0.9175
DELEK_EL_DORADO_AR,FCC,21.0,18.37,2023,0.8748
DELEK_EL_DORADO_AR,ISOM,7.5,7.31,2023,0.9747
DELEK_EL_DORADO_AR,NHT,20.0,19.46,2017,0.973
DELEK_EL_DORADO_AR,VDU,45.0,25.69,2024,0.5709
DELEK_KROTZ_SPRINGS,ALKY,6.0,7.06,2024,1.1767
DELEK_KROTZ_SPRINGS,CDU,83.0,77.36,2023,0.932
DELEK_KROTZ_SPRINGS,ISOM,6.22,7.11,2018,1.1431
DELEK_KROTZ_SPRINGS,NHT,14.0,17.18,2023,1.2271
DELEK_KROTZ_SPRINGS,RCC,34.0,26.86,2024,0.79
DELEK_KROTZ_SPRINGS,REF,13.0,12.38,2017,0.9523
DELEK_KROTZ_SPRINGS,VDU,36.2,21.36,2023,0.5901
DELEK_TYLER,ALKY,4.7,4.95,2022,1.0532
DELEK_TYLER,CCR,13.0,15.77,2017,1.2131
DELEK_TYLER,CDU,76.0,72.72,2022,0.9568
DELEK_TYLER,COKER,7.5,8.1,2022,1.08
DELEK_TYLER,FCC,20.25,20.25,2019,1.0
DELEK_TYLER,ISOM,5.0,3.0,2024,0.6
DELEK_TYLER,NHT,28.0,25.45,2024,0.9089
DELEK_TYLER,REF,4.5,4.17,2021,0.9267
DELEK_TYLER,VDU,28.0,21.0,2022,0.75
EXXONMOBIL_BATON_ROUGE,ALKY,41.0,49.33,2024,1.2032
EXXONMOBIL_BATON_ROUGE,CCR,80.0,78.13,2024,0.9766
EXXONMOBIL_BATON_ROUGE,CDU,542.0,539.64,2022,0.9956
EXXONMOBIL_BATON_ROUGE,COKER,123.5,107.67,2024,0.8718
EXXONMOBIL_BATON_ROUGE,DHCU,27.0,26.0,2024,0.963
EXXONMOBIL_BATON_ROUGE,FCC,244.5,217.12,2018,0.888
EXXONMOBIL_BATON_ROUGE,NHT,79.0,120.78,2018,1.5289
EXXONMOBIL_BATON_ROUGE,VDU,254.0,217.79,2024,0.8574
EXXONMOBIL_BEAUMONT,ALKY,14.9,17.93,2024,1.2034
EXXONMOBIL_BEAUMONT,CCR,143.5,155.98,2023,1.087
EXXONMOBIL_BEAUMONT,CDU,634.4,584.51,2024,0.9214
EXXONMOBIL_BEAUMONT,COKER,46.5,53.65,2023,1.1538
EXXONMOBIL_BEAUMONT,DHCU,70.0,69.83,2023,0.9976
EXXONMOBIL_BEAUMONT,FCC,115.0,107.3,2018,0.933
EXXONMOBIL_BEAUMONT,ISOM,33.8,38.6,2024,1.142
EXXONMOBIL_BEAUMONT,NHT,163.1,171.24,2024,1.0499
EXXONMOBIL_BEAUMONT,VDU,148.8,187.61,2023,1.2608
EXXONMOBIL_JOLIET,ALKY,29.1,30.08,2024,1.0337
EXXONMOBIL_JOLIET,CCR,52.6,50.33,2024,0.9568
EXXONMOBIL_JOLIET,CDU,275.0,271.98,2024,0.989
EXXONMOBIL_JOLIET,COKER,57.5,58.32,2018,1.0143
EXXONMOBIL_JOLIET,FCC,99.3,99.29,2024,0.9999
EXXONMOBIL_JOLIET,NHT,177.8,81.79,2024,0.46
EXXONMOBIL_JOLIET,VDU,126.7,126.57,2024,0.999
FLINT_CORPUS_CHRISTI,ALKY,15.5,18.75,2024,1.2097
FLINT_CORPUS_CHRISTI,CCR,48.0,48.0,2023,1.0
FLINT_CORPUS_CHRISTI,CDU,350.0,342.28,2023,0.9779
FLINT_CORPUS_CHRISTI,COKER,14.5,14.4,2022,0.9931
FLINT_CORPUS_CHRISTI,DHCU,15.0,15.0,2023,1.0
FLINT_CORPUS_CHRISTI,FCC,105.0,104.79,2023,0.998
FLINT_CORPUS_CHRISTI,ISOM,3.5,3.4,2024,0.9714
FLINT_CORPUS_CHRISTI,NHT,93.0,104.19,2023,1.1203
FLINT_CORPUS_CHRISTI,REF,17.0,27.0,2019,1.5882
FLINT_CORPUS_CHRISTI,VDU,87.5,87.49,2023,0.9999
FLINT_ROSEMOUNT,ALKY,14.0,16.84,2022,1.2029
FLINT_ROSEMOUNT,CCR,37.0,36.89,2018,0.997
FLINT_ROSEMOUNT,CDU,375.0,345.0,2022,0.92
FLINT_ROSEMOUNT,COKER,82.0,72.06,2022,0.8788
FLINT_ROSEMOUNT,DHCU,67.0,58.46,2024,0.8725
FLINT_ROSEMOUNT,FCC,96.0,79.2,2022,0.825
FLINT_ROSEMOUNT,ISOM,18.0,17.99,2022,0.9994
FLINT_ROSEMOUNT,NHT,51.3,62.9,2022,1.2261
FLINT_ROSEMOUNT,REF,13.8,13.8,2019,1.0
FLINT_ROSEMOUNT,VDU,234.0,182.66,2019,0.7806
HF_ANACORTES,ALKY,12.5,9.77,2017,0.7816
HF_ANACORTES,CDU,149.0,136.51,2019,0.9162
HF_ANACORTES,COKER,25.3,23.81,2018,0.9411
HF_ANACORTES,FCC,57.9,39.63,2017,0.6845
HF_ANACORTES,NHT,21.7,30.11,2019,1.3876
HF_ANACORTES,REF,21.7,26.58,2019,1.2249
HF_ANACORTES,VDU,65.8,52.48,2019,0.7976
HF_ARTESIA,ALKY,9.5,8.1,2023,0.8526
HF_ARTESIA,CCR,24.0,23.5,2024,0.9792
HF_ARTESIA,CDU,124.0,109.44,2018,0.8826
HF_ARTESIA,DHCU,18.0,17.47,2024,0.9706
HF_ARTESIA,FCC,30.0,30.99,2018,1.033
HF_ARTESIA,ISOM,9.54,9.4,2019,0.9853
HF_ARTESIA,NHT,42.0,37.03,2024,0.8817
HF_ARTESIA,VDU,34.3,31.59,2024,0.921
HF_EL_DORADO_KS,ALKY,14.0,17.27,2023,1.2336
HF_EL_DORADO_KS,CCR,7.5,28.74,2024,3.832
HF_EL_DORADO_KS,CDU,165.0,147.58,2017,0.8944
HF_EL_DORADO_KS,COKER,22.5,22.5,2024,1.0
HF_EL_DORADO_KS,FCC,44.0,43.99,2021,0.9998
HF_EL_DORADO_KS,ISOM,15.0,12.44,2018,0.8293
HF_EL_DORADO_KS,NHT,50.0,41.56,2018,0.8312
HF_EL_DORADO_KS,REF,23.5,23.04,2017,0.9804
HF_EL_DORADO_KS,VDU,65.0,64.35,2024,0.99
HF_TULSA,ALKY,5.5,6.43,2022,1.1691
HF_TULSA,CCR,25.0,22.0,2024,0.88
HF_TULSA,CDU,166.52,142.23,2022,0.8541
HF_TULSA,COKER,11.0,10.97,2017,0.9973
HF_TULSA,FCC,25.0,24.62,2022,0.9848
HF_TULSA,ISOM,13.0,10.92,2022,0.84
HF_TULSA,NHT,53.0,48.78,2022,0.9204
HF_TULSA,VDU,59.0,42.58,2022,0.7217
HF_WOODS_CROSS,ALKY,5.3,6.32,2024,1.1925
HF_WOODS_CROSS,CDU,45.0,39.33,2024,0.874
HF_WOODS_CROSS,DHCU,15.0,9.8,2024,0.6533
HF_WOODS_CROSS,ISOM,3.0,3.0,2024,1.0
HF_WOODS_CROSS,NHT,12.5,11.75,2017,0.94
HF_WOODS_CROSS,REF,8.4,8.0,2019,0.9524
HUNT_TUSCALOOSA,CCR,15.3,7.32,2024,0.4784
HUNT_TUSCALOOSA,CDU,50.0,44.01,2019,0.8802
HUNT_TUSCALOOSA,COKER,34.0,26.07,2019,0.7668
HUNT_TUSCALOOSA,DHCU,20.5,14.45,2024,0.7049
HUNT_TUSCALOOSA,ISOM,4.2,4.49,2019,1.069
HUNT_TUSCALOOSA,NHT,12.1,8.9,2019,0.7355
HUNT_TUSCALOOSA,VDU,25.0,24.75,2022,0.99
MARATHON_ANACORTES,ALKY,17.0,14.39,2021,0.8465
MARATHON_ANACORTES,CCR,28.5,26.0,2017,0.9123
MARATHON_ANACORTES,CDU,125.26,132.22,2017,1.0556
MARATHON_ANACORTES,FCC,51.5,50.86,2022,0.9876
MARATHON_ANACORTES,NHT,46.0,35.99,2017,0.7824
MARATHON_ANACORTES,VDU,47.0,43.94,2017,0.9349
MARATHON_CANTON,ALKY,8.5,7.87,2022,0.9259
MARATHON_CANTON,CCR,22.0,25.08,2024,1.14
MARATHON_CANTON,CDU,102.0,102.87,2018,1.0085
MARATHON_CANTON,FCC,26.0,25.86,2017,0.9946
MARATHON_CANTON,NHT,34.5,38.64,2024,1.12
MARATHON_CANTON,VDU,35.0,34.83,2022,0.9951
MARATHON_CATLETTSBURG,ALKY,21.5,25.91,2023,1.2051
MARATHON_CATLETTSBURG,CCR,24.5,21.5,2024,0.8776
MARATHON_CATLETTSBURG,CDU,306.0,296.94,2024,0.9704
MARATHON_CATLETTSBURG,FCC,104.0,94.73,2023,0.9109
MARATHON_CATLETTSBURG,ISOM,17.0,19.6,2021,1.1529
MARATHON_CATLETTSBURG,NHT,59.0,59.0,2024,1.0
MARATHON_CATLETTSBURG,REF,33.5,38.61,2023,1.1525
MARATHON_CATLETTSBURG,VDU,134.0,103.64,2022,0.7734
MARATHON_DETROIT,ALKY,7.5,7.56,2023,1.008
MARATHON_DETROIT,CCR,21.5,26.32,2024,1.2242
MARATHON_DETROIT,CDU,147.0,140.27,2023,0.9542
MARATHON_DETROIT,COKER,36.5,29.5,2017,0.8082
MARATHON_DETROIT,FCC,44.0,43.66,2023,0.9923
MARATHON_DETROIT,NHT,35.5,46.61,2022,1.313
MARATHON_DETROIT,VDU,89.0,66.54,2018,0.7476
MARATHON_EL_PASO,ALKY,12.5,15.42,2024,1.2336
MARATHON_EL_PASO,CCR,28.0,27.06,2018,0.9664
MARATHON_EL_PASO,CDU,138.0,132.13,2019,0.9575
MARATHON_EL_PASO,FCC,35.0,34.73,2017,0.9923
MARATHON_EL_PASO,NHT,30.5,37.03,2019,1.2141
MARATHON_EL_PASO,VDU,55.5,37.95,2019,0.6838
MARATHON_GARYVILLE,ALKY,38.0,37.3,2024,0.9816
MARATHON_GARYVILLE,CCR,137.0,136.81,2023,0.9986
MARATHON_GARYVILLE,CDU,608.0,601.37,2023,0.9891
MARATHON_GARYVILLE,COKER,103.0,94.17,2023,0.9143
MARATHON_GARYVILLE,DHCU,130.0,99.45,2024,0.765
MARATHON_GARYVILLE,FCC,146.0,145.68,2023,0.9978
MARATHON_GARYVILLE,ISOM,26.5,23.0,2023,0.8679
MARATHON_GARYVILLE,NHT,118.5,139.69,2023,1.1788
MARATHON_GARYVILLE,VDU,297.5,228.53,2023,0.7682
MARATHON_MANDAN,ALKY,4.8,6.73,2023,1.4021
MARATHON_MANDAN,CDU,74.0,73.63,2022,0.995
MARATHON_MANDAN,NHT,29.6,12.73,2018,0.4301
MARATHON_MANDAN,RCC,27.0,23.44,2022,0.8681
MARATHON_MANDAN,REF,12.5,12.5,2024,1.0
MARATHON_NIKISKI,CCR,13.5,13.74,2024,1.0178
MARATHON_NIKISKI,CDU,72.0,66.24,2024,0.92
MARATHON_NIKISKI,DHCU,13.0,12.99,2024,0.9992
MARATHON_NIKISKI,ISOM,5.0,5.49,2024,1.098
MARATHON_NIKISKI,NHT,13.0,12.85,2024,0.9885
MARATHON_NIKISKI,REF,14.2,11.43,2017,0.8049
MARATHON_NIKISKI,VDU,26.0,25.98,2024,0.9992
MARATHON_ROBINSON,ALKY,12.5,15.3,2024,1.224
MARATHON_ROBINSON,CCR,82.0,64.45,2018,0.786
MARATHON_ROBINSON,CDU,266.0,249.47,2024,0.9379
MARATHON_ROBINSON,COKER,30.5,62.17,2024,2.0384
MARATHON_ROBINSON,DHCU,44.0,43.8,2024,0.9955
MARATHON_ROBINSON,FCC,54.5,54.27,2018,0.9958
MARATHON_ROBINSON,ISOM,16.0,15.87,2021,0.9919
MARATHON_ROBINSON,NHT,70.5,72.18,2018,1.0238
MARATHON_ROBINSON,VDU,76.0,76.0,2024,1.0
MARATHON_SAINT_PAUL_PARK,ALKY,6.5,6.79,2023,1.0446
MARATHON_SAINT_PAUL_PARK,CDU,108.0,106.52,2024,0.9863
MARATHON_SAINT_PAUL_PARK,FCC,30.5,28.07,2018,0.9203
MARATHON_SAINT_PAUL_PARK,ISOM,15.5,9.5,2017,0.6129
MARATHON_SAINT_PAUL_PARK,NHT,38.0,23.0,2024,0.6053
MARATHON_SAINT_PAUL_PARK,REF,23.0,22.41,2023,0.9743
MARATHON_SAINT_PAUL_PARK,VDU,50.0,39.78,2017,0.7956
MARATHON_SALT_LAKE_CITY,ALKY,7.5,8.14,2022,1.0853
MARATHON_SALT_LAKE_CITY,CDU,71.58,62.42,2017,0.872
MARATHON_SALT_LAKE_CITY,NHT,11.5,16.45,2019,1.4304
MARATHON_SALT_LAKE_CITY,RCC,24.5,22.87,2021,0.9335
MARATHON_SALT_LAKE_CITY,REF,11.5,13.29,2019,1.1557
MONROE_TRAINER,ALKY,12.0,12.0,2017,1.0
MONROE_TRAINER,CCR,50.0,47.8,2024,0.956
MONROE_TRAINER,CDU,208.0,180.96,2017,0.87
MONROE_TRAINER,DHCU,23.0,23.0,2024,1.0
MONROE_TRAINER,FCC,53.0,36.16,2017,0.6823
MONROE_TRAINER,NHT,80.0,67.7,2022,0.8463
MONROE_TRAINER,VDU,73.0,48.62,2022,0.666
MOTIVA_PAR,ALKY,20.5,24.66,2022,1.2029
MOTIVA_PAR,CCR,129.5,126.51,2023,0.9769
MOTIVA_PAR,CDU,654.0,604.41,2023,0.9242
MOTIVA_PAR,COKER,178.0,135.46,2022,0.761
MOTIVA_PAR,DHCU,112.0,108.17,2023,0.9658
MOTIVA_PAR,FCC,92.6,91.88,2022,0.9922
MOTIVA_PAR,ISOM,49.14,48.27,2022,0.9823
MOTIVA_PAR,NHT,165.4,163.2,2022,0.9867
MOTIVA_PAR,VDU,331.8,287.84,2023,0.8675
MPC_GALV_BAY,ALKY,61.0,70.97,2024,1.1634
MPC_GALV_BAY,CCR,144.5,141.18,2018,0.977
MPC_GALV_BAY,CDU,665.0,594.44,2018,0.8939
MPC_GALV_BAY,COKER,33.0,32.34,2018,0.98
MPC_GALV_BAY,DHCU,78.5,79.92,2018,1.0181
MPC_GALV_BAY,FCC,205.5,204.5,2019,0.9951
MPC_GALV_BAY,NHT,126.5,173.75,2018,1.3735
MPC_GALV_BAY,RHCU,84.5,70.0,2022,0.8284
MPC_GALV_BAY,VDU,259.5,229.26,2018,0.8835
NCRA_MCPHERSON,ALKY,9.5,9.87,2023,1.0389
NCRA_MCPHERSON,CCR,27.0,27.0,2024,1.0
NCRA_MCPHERSON,CDU,114.93,114.56,2024,0.9968
NCRA_MCPHERSON,COKER,30.55,21.9,2019,0.7169
NCRA_MCPHERSON,DHCU,43.0,34.06,2024,0.7921
NCRA_MCPHERSON,FCC,24.0,23.7,2017,0.9875
NCRA_MCPHERSON,ISOM,12.0,10.75,2021,0.8958
NCRA_MCPHERSON,NHT,42.4,29.8,2022,0.7028
NCRA_MCPHERSON,VDU,50.0,46.63,2024,0.9326
PAR_BILLINGS,ALKY,5.1,5.85,2023,1.1471
PAR_BILLINGS,CDU,62.9,59.77,2017,0.9502
PAR_BILLINGS,DHCU,6.2,5.87,2023,0.9468
PAR_BILLINGS,FCC,23.66,15.92,2023,0.6729
PAR_BILLINGS,FCOKER,10.0,9.92,2023,0.992
PAR_BILLINGS,NHT,13.9,13.84,2023,0.9957
PAR_BILLINGS,REF,12.5,10.06,2023,0.8048
PAR_BILLINGS,VDU,32.3,28.93,2023,0.8957
PAR_EWA_BEACH,ALKY,5.0,0.64,2021,0.128
PAR_EWA_BEACH,CCR,13.5,11.83,2022,0.8763
PAR_EWA_BEACH,CDU,94.0,109.0,2019,1.1596
PAR_EWA_BEACH,DHCU,18.0,21.99,2017,1.2217
PAR_EWA_BEACH,FCC,22.0,17.49,2021,0.795
PAR_EWA_BEACH,NHT,13.0,18.31,2019,1.4085
PAR_EWA_BEACH,VDU,71.0,43.41,2019,0.6114
PBF_CHALMETTE,ALKY,16.8,16.08,2021,0.9571
PBF_CHALMETTE,CCR,22.7,21.0,2023,0.9251
PBF_CHALMETTE,CDU,197.0,185.67,2019,0.9425
PBF_CHALMETTE,COKER,42.0,35.96,2019,0.8562
PBF_CHALMETTE,FCC,75.6,75.6,2019,1.0
PBF_CHALMETTE,ISOM,8.2,8.2,2019,1.0
PBF_CHALMETTE,NHT,42.0,36.12,2023,0.86
PBF_CHALMETTE,REF,30.0,9.39,2023,0.313
PBF_CHALMETTE,VDU,169.0,84.83,2018,0.502
PBF_MARTINEZ,ALKY,12.8,15.66,2022,1.2234
PBF_MARTINEZ,CCR,31.0,30.86,2024,0.9955
PBF_MARTINEZ,CDU,157.0,137.65,2017,0.8768
PBF_MARTINEZ,COKER,26.8,23.25,2017,0.8675
PBF_MARTINEZ,DHCU,42.9,25.91,2024,0.604
PBF_MARTINEZ,FCC,72.0,55.88,2024,0.7761
PBF_MARTINEZ,FCOKER,22.5,15.38,2018,0.6836
PBF_MARTINEZ,ISOM,15.0,7.43,2024,0.4953
PBF_MARTINEZ,NHT,28.0,27.58,2017,0.985
PBF_MARTINEZ,VDU,101.0,57.35,2018,0.5678
PBF_TOLEDO,ALKY,9.95,10.62,2024,1.0673
PBF_TOLEDO,CDU,180.0,175.03,2019,0.9724
PBF_TOLEDO,DHCU,52.0,45.97,2019,0.884
PBF_TOLEDO,NHT,45.9,42.12,2019,0.9176
PBF_TOLEDO,RCC,82.0,58.81,2024,0.7172
PBF_TOLEDO,REF,51.8,40.78,2019,0.7873
PBF_TORRANCE,ALKY,30.0,30.0,2019,1.0
PBF_TORRANCE,CDU,166.2,154.8,2018,0.9314
PBF_TORRANCE,COKER,62.0,58.01,2019,0.9356
PBF_TORRANCE,DHCU,28.3,27.67,2024,0.9777
PBF_TORRANCE,FCC,90.0,74.73,2018,0.8303
PBF_TORRANCE,NHT,25.3,23.51,2019,0.9292
PBF_TORRANCE,REF,20.0,19.94,2021,0.997
PBF_TORRANCE,VDU,102.3,102.19,2018,0.9989
PEMEX_DEER_PARK,ALKY,21.0,19.25,2024,0.9167
PEMEX_DEER_PARK,CCR,44.0,45.0,2019,1.0227
PEMEX_DEER_PARK,CDU,340.0,300.22,2017,0.883
PEMEX_DEER_PARK,COKER,96.0,76.24,2018,0.7942
PEMEX_DEER_PARK,DHCU,60.0,48.41,2024,0.8068
PEMEX_DEER_PARK,FCC,75.1,66.78,2017,0.8892
PEMEX_DEER_PARK,NHT,80.0,78.94,2022,0.9868
PEMEX_DEER_PARK,REF,24.5,24.5,2024,1.0
PEMEX_DEER_PARK,VDU,180.0,150.21,2017,0.8345
PHILLIPS_BILLINGS,ALKY,7.3,5.99,2023,0.8205
PHILLIPS_BILLINGS,CDU,69.5,68.11,2019,0.98
PHILLIPS_BILLINGS,COKER,18.27,20.12,2018,1.1013
PHILLIPS_BILLINGS,FCC,23.5,21.5,2018,0.9149
PHILLIPS_BILLINGS,NHT,12.25,16.29,2019,1.3298
PHILLIPS_BILLINGS,REF,9.2,10.97,2019,1.1924
PHILLIPS_BILLINGS,VDU,45.1,34.52,2018,0.7654
PHILLIPS_FERNDALE,ALKY,12.7,15.44,2024,1.2157
PHILLIPS_FERNDALE,CCR,18.5,17.08,2017,0.9232
PHILLIPS_FERNDALE,CDU,110.5,104.97,2017,0.95
PHILLIPS_FERNDALE,FCC,38.0,37.94,2024,0.9984
PHILLIPS_FERNDALE,NHT,19.4,18.6,2017,0.9588
PHILLIPS_FERNDALE,VDU,48.1,39.0,2017,0.8108
PHILLIPS_LINDEN,ALKY,18.8,22.62,2023,1.2032
PHILLIPS_LINDEN,CCR,37.0,34.68,2019,0.9373
PHILLIPS_LINDEN,CDU,272.1,255.77,2022,0.94
PHILLIPS_LINDEN,FCC,145.0,110.22,2017,0.7601
PHILLIPS_LINDEN,NHT,65.5,65.38,2023,0.9982
PHILLIPS_LINDEN,VDU,75.0,83.43,2017,1.1124
PHILLIPS_PONCA_CITY,ALKY,17.57,16.7,2023,0.9505
PHILLIPS_PONCA_CITY,CDU,226.67,222.14,2019,0.98
PHILLIPS_PONCA_CITY,COKER,27.39,27.44,2023,1.0018
PHILLIPS_PONCA_CITY,FCC,76.91,70.18,2023,0.9125
PHILLIPS_PONCA_CITY,NHT,51.51,59.13,2017,1.1479
PHILLIPS_PONCA_CITY,REF,49.26,46.34,2017,0.9407
PHILLIPS_PONCA_CITY,VDU,89.04,79.57,2023,0.8936
PHILLIPS_SWEENY,ALKY,21.6,25.99,2024,1.2032
PHILLIPS_SWEENY,CCR,42.1,35.0,2024,0.8314
PHILLIPS_SWEENY,CDU,278.9,270.25,2022,0.969
PHILLIPS_SWEENY,COKER,78.7,70.14,2023,0.8912
PHILLIPS_SWEENY,FCC,111.0,110.83,2023,0.9985
PHILLIPS_SWEENY,ISOM,10.1,10.0,2024,0.9901
PHILLIPS_SWEENY,NHT,73.4,71.8,2023,0.9782
PHILLIPS_SWEENY,VDU,132.1,131.14,2023,0.9927
PHILLIPS_WESTLAKE,ALKY,9.0,9.91,2023,1.1011
PHILLIPS_WESTLAKE,CCR,48.0,37.5,2021,0.7812
PHILLIPS_WESTLAKE,CDU,273.0,241.32,2023,0.884
PHILLIPS_WESTLAKE,COKER,65.2,47.8,2017,0.7331
PHILLIPS_WESTLAKE,FCC,51.6,50.47,2022,0.9781
PHILLIPS_WESTLAKE,ISOM,25.0,19.79,2021,0.7916
PHILLIPS_WESTLAKE,NHT,50.0,49.99,2021,0.9998
PHILLIPS_WESTLAKE,VDU,125.0,101.89,2019,0.8151
PLACID_PORT_ALLEN,ALKY,7.5,7.45,2021,0.9933
PLACID_PORT_ALLEN,CDU,82.5,78.48,2018,0.9513
PLACID_PORT_ALLEN,FCC,25.0,24.69,2021,0.9876
PLACID_PORT_ALLEN,NHT,12.0,10.7,2022,0.8917
PLACID_PORT_ALLEN,VDU,27.0,26.41,2018,0.9781
SHELL_NORCO,ALKY,18.1,21.78,2023,1.2033
SHELL_NORCO,CCR,40.0,39.65,2023,0.9912
SHELL_NORCO,CDU,250.0,239.28,2018,0.9571
SHELL_NORCO,COKER,28.5,27.04,2022,0.9488
SHELL_NORCO,DHCU,44.0,42.44,2019,0.9645
SHELL_NORCO,FCC,118.8,107.11,2018,0.9016
SHELL_NORCO,NHT,42.0,41.91,2023,0.9979
SHELL_NORCO,VDU,91.3,80.59,2024,0.8827
SINCLAIR_SINCLAIR,ALKY,5.0,3.55,2024,0.71
SINCLAIR_SINCLAIR,CDU,94.0,87.4,2024,0.9298
SINCLAIR_SINCLAIR,COKER,20.0,18.42,2017,0.921
SINCLAIR_SINCLAIR,DHCU,16.0,14.97,2018,0.9356
SINCLAIR_SINCLAIR,FCC,22.0,20.87,2018,0.9486
SINCLAIR_SINCLAIR,NHT,21.5,17.66,2021,0.8214
SINCLAIR_SINCLAIR,REF,13.0,14.0,2024,1.0769
SINCLAIR_SINCLAIR,VDU,51.0,35.24,2017,0.691
SUNCOR_DENVER,CDU,98.0,105.8,2017,1.0796
SUNCOR_DENVER,FCC,30.0,29.86,2022,0.9953
SUNCOR_DENVER,NHT,22.0,27.78,2022,1.2627
SUNCOR_DENVER,VDU,33.5,42.36,2023,1.2645
TOTAL_PORT_ARTHUR,ALKY,7.5,9.02,2024,1.2027
TOTAL_PORT_ARTHUR,CCR,43.0,40.43,2024,0.9402
TOTAL_PORT_ARTHUR,CDU,195.0,232.55,2018,1.1926
TOTAL_PORT_ARTHUR,COKER,60.0,38.07,2019,0.6345
TOTAL_PORT_ARTHUR,FCC,80.0,79.81,2018,0.9976
TOTAL_PORT_ARTHUR,ISOM,7.8,8.0,2019,1.0256
TOTAL_PORT_ARTHUR,NHT,57.5,48.47,2018,0.843
TOTAL_PORT_ARTHUR,VDU,117.0,104.64,2018,0.8944
UNITED_WARREN,ALKY,4.5,5.42,2022,1.2044
UNITED_WARREN,CDU,70.0,67.8,2017,0.9686
UNITED_WARREN,FCC,25.0,24.01,2024,0.9604
UNITED_WARREN,ISOM,8.5,4.37,2024,0.5141
UNITED_WARREN,NHT,26.0,20.17,2024,0.7758
UNITED_WARREN,REF,14.0,14.48,2018,1.0343
UNITED_WARREN,VDU,40.0,31.36,2017,0.784
VALERO_ARDMORE,ALKY,7.01,3.98,2018,0.5678
VALERO_ARDMORE,CCR,20.5,19.1,2018,0.9317
VALERO_ARDMORE,CDU,88.0,83.59,2018,0.9499
VALERO_ARDMORE,DHCU,14.0,9.44,2022,0.6743
VALERO_ARDMORE,FCC,30.0,13.18,2018,0.4393
VALERO_ARDMORE,NHT,27.0,27.69,2018,1.0256
VALERO_ARDMORE,VDU,32.0,26.11,2022,0.8159
VALERO_BENICIA,ALKY,17.1,16.1,2023,0.9415
VALERO_BENICIA,CDU,149.0,133.86,2018,0.8984
VALERO_BENICIA,DHCU,34.0,15.86,2023,0.4665
VALERO_BENICIA,FCC,75.3,58.69,2023,0.7794
VALERO_BENICIA,FCOKER,29.5,28.66,2017,0.9715
VALERO_BENICIA,NHT,30.0,36.48,2018,1.216
VALERO_BENICIA,REF,37.2,27.62,2018,0.7425
VALERO_BENICIA,VDU,85.5,67.31,2018,0.7873
VALERO_CORPUS_CHRISTI,ALKY,24.5,30.23,2024,1.2339
VALERO_CORPUS_CHRISTI,CCR,39.0,59.88,2024,1.5354
VALERO_CORPUS_CHRISTI,CDU,297.0,249.82,2023,0.8411
VALERO_CORPUS_CHRISTI,COKER,19.0,18.68,2024,0.9832
VALERO_CORPUS_CHRISTI,DHCU,51.0,50.17,2024,0.9837
VALERO_CORPUS_CHRISTI,FCC,25.5,29.18,2019,1.1443
VALERO_CORPUS_CHRISTI,ISOM,12.0,10.5,2019,0.875
VALERO_CORPUS_CHRISTI,NHT,57.0,84.9,2023,1.4895
VALERO_CORPUS_CHRISTI,RCC,70.0,91.2,2024,1.3029
VALERO_CORPUS_CHRISTI,REF,11.0,8.87,2018,0.8064
VALERO_CORPUS_CHRISTI,VDU,91.0,92.52,2017,1.0167
VALERO_HOUSTON,ALKY,28.9,34.93,2024,1.2087
VALERO_HOUSTON,CDU,210.0,210.0,2024,1.0
VALERO_HOUSTON,DHCU,71.9,31.03,2024,0.4316
VALERO_HOUSTON,FCC,75.2,57.57,2019,0.7656
VALERO_HOUSTON,NHT,9.0,9.0,2024,1.0
VALERO_HOUSTON,VDU,38.0,69.88,2018,1.8389
VALERO_LOS_ANGELES,ALKY,22.0,18.07,2018,0.8214
VALERO_LOS_ANGELES,CCR,18.0,16.91,2018,0.9394
VALERO_LOS_ANGELES,CDU,87.0,82.65,2023,0.95
VALERO_LOS_ANGELES,COKER,28.8,21.81,2023,0.7573
VALERO_LOS_ANGELES,FCC,56.3,52.6,2018,0.9343
VALERO_LOS_ANGELES,NHT,32.0,26.63,2023,0.8322
VALERO_LOS_ANGELES,VDU,46.0,38.55,2023,0.838
VALERO_MEMPHIS,ALKY,12.7,9.17,2023,0.722
VALERO_MEMPHIS,CCR,36.0,35.5,2019,0.9861
VALERO_MEMPHIS,CDU,185.0,187.36,2018,1.0128
VALERO_MEMPHIS,DHCU,26.5,23.8,2018,0.8981
VALERO_MEMPHIS,NHT,52.0,68.71,2018,1.3213
VALERO_MEMPHIS,RCC,70.0,54.8,2022,0.7829
VALERO_MERAUX,CCR,32.0,31.92,2023,0.9975
VALERO_MERAUX,CDU,128.0,126.23,2018,0.9862
VALERO_MERAUX,DHCU,48.7,48.3,2023,0.9918
VALERO_MERAUX,NHT,40.0,39.94,2023,0.9985
VALERO_MERAUX,VDU,60.0,51.0,2023,0.85
VALERO_PORT_ARTHUR,ALKY,19.5,23.91,2024,1.2262
VALERO_PORT_ARTHUR,CCR,55.0,57.9,2023,1.0527
VALERO_PORT_ARTHUR,CDU,415.0,332.38,2018,0.8009
VALERO_PORT_ARTHUR,COKER,158.0,104.55,2023,0.6617
VALERO_PORT_ARTHUR,DHCU,134.8,96.03,2018,0.7124
VALERO_PORT_ARTHUR,FCC,75.0,71.58,2018,0.9544
VALERO_PORT_ARTHUR,NHT,48.7,80.67,2019,1.6565
VALERO_PORT_ARTHUR,VDU,220.0,200.67,2018,0.9121
VALERO_SAINT_CHARLES,ALKY,48.0,24.81,2021,0.5169
VALERO_SAINT_CHARLES,CCR,25.0,27.0,2019,1.08
VALERO_SAINT_CHARLES,CDU,220.0,197.41,2018,0.8973
VALERO_SAINT_CHARLES,COKER,86.0,71.67,2023,0.8334
VALERO_SAINT_CHARLES,DHCU,113.0,78.99,2024,0.699
VALERO_SAINT_CHARLES,FCC,100.0,99.38,2021,0.9938
VALERO_SAINT_CHARLES,NHT,45.0,46.64,2019,1.0364
VALERO_SAINT_CHARLES,VDU,180.0,156.52,2018,0.8696
VALERO_SUNRAY,ALKY,9.8,11.79,2024,1.2031
VALERO_SUNRAY,CCR,29.0,28.46,2018,0.9814
VALERO_SUNRAY,CDU,200.0,189.28,2018,0.9464
VALERO_SUNRAY,DHCU,29.0,20.0,2019,0.6897
VALERO_SUNRAY,FCC,56.0,55.92,2021,0.9986
VALERO_SUNRAY,NHT,44.4,57.33,2023,1.2912
VALERO_SUNRAY,REF,18.0,21.49,2019,1.1939
VALERO_SUNRAY,VDU,50.0,53.45,2023,1.069
VALERO_TEXAS_CITY,ALKY,14.7,18.14,2024,1.234
VALERO_TEXAS_CITY,CCR,18.1,18.0,2024,0.9945
VALERO_TEXAS_CITY,CDU,231.0,209.26,2018,0.9059
VALERO_TEXAS_CITY,COKER,53.5,53.29,2021,0.9961
VALERO_TEXAS_CITY,FCC,86.0,85.5,2017,0.9942
VALERO_TEXAS_CITY,ISOM,6.5,6.5,2024,1.0
VALERO_TEXAS_CITY,NHT,25.0,36.72,2021,1.4688
VALERO_TEXAS_CITY,VDU,133.5,131.51,2018,0.9851
VALERO_THREE_RIVERS,ALKY,7.0,8.64,2024,1.2343
VALERO_THREE_RIVERS,CCR,23.5,22.75,2019,0.9681
VALERO_THREE_RIVERS,CDU,91.0,86.8,2024,0.9538
VALERO_THREE_RIVERS,DHCU,28.0,14.99,2019,0.5354
VALERO_THREE_RIVERS,FCC,23.84,23.37,2023,0.9803
VALERO_THREE_RIVERS,NHT,35.0,38.03,2023,1.0866
VALERO_THREE_RIVERS,REF,10.0,10.5,2019,1.05
VALERO_THREE_RIVERS,VDU,33.5,34.82,2023,1.0394
VERTEX_MOBILE,CDU,90.6,90.72,2017,1.0013
VERTEX_MOBILE,ISOM,2.0,1.9,2024,0.95
VERTEX_MOBILE,NHT,28.0,20.83,2021,0.7439
VERTEX_MOBILE,REF,22.0,20.8,2018,0.9455
VERTEX_MOBILE,VDU,29.0,28.8,2017,0.9931
WRB_BORGER,ALKY,14.0,12.13,2021,0.8664
WRB_BORGER,CDU,157.0,147.84,2017,0.9417
WRB_BORGER,COKER,28.38,25.65,2021,0.9038
WRB_BORGER,FCC,56.0,51.95,2017,0.9277
WRB_BORGER,ISOM,31.0,16.11,2021,0.5197
WRB_BORGER,NHT,65.54,34.92,2017,0.5328
WRB_BORGER,REF,31.28,30.0,2017,0.9591
WRB_BORGER,VDU,80.0,55.28,2021,0.691
XOM_BAYTOWN,ALKY,41.0,49.33,2024,1.2032
XOM_BAYTOWN,CCR,127.5,133.94,2019,1.0505
XOM_BAYTOWN,CDU,584.0,549.52,2023,0.941
XOM_BAYTOWN,COKER,54.0,47.29,2023,0.8757
XOM_BAYTOWN,DHCU,29.9,30.5,2023,1.0201
XOM_BAYTOWN,FCC,220.0,212.42,2024,0.9655
XOM_BAYTOWN,FCOKER,42.0,40.88,2023,0.9733
XOM_BAYTOWN,NHT,155.5,155.04,2023,0.997
XOM_BAYTOWN,VDU,297.0,220.96,2023,0.744
